{"stats":{"minecraft:crafted":{"minecraft:crafting_table":1,"minecraft:spruce_planks":12,"minecraft:stick":4,"minecraft:wooden_pickaxe":1},"minecraft:mined":{"minecraft:spruce_stairs":1,"minecraft:spruce_planks":2,"minecraft:white_bed":1,"minecraft:spruce_log":3,"minecraft:jungle_stairs":2,"minecraft:jungle_planks":2,"minecraft:dirt":2,"minecraft:sand":7,"minecraft:stone":5},"minecraft:killed":{"minecraft:skeleton":1},"minecraft:picked_up":{"minecraft:spruce_stairs":1,"minecraft:jungle_planks":2,"minecraft:sand":7,"minecraft:white_bed":1,"minecraft:spruce_log":3,"minecraft:dirt":2,"minecraft:bone":1,"minecraft:jungle_stairs":2,"minecraft:spruce_planks":2,"minecraft:cobblestone":5},"minecraft:used":{"minecraft:shield":1,"minecraft:wooden_pickaxe":5,"minecraft:wooden_sword":5,"minecraft:dirt":2,"minecraft:sand":7,"minecraft:crafting_table":1},"minecraft:custom":{"minecraft:time_since_rest":9078,"minecraft:sprint_one_cm":20156,"minecraft:damage_taken":50,"minecraft:walk_one_cm":9638,"minecraft:damage_blocked_by_shield":40,"minecraft:mob_kills":1,"minecraft:damage_dealt":330,"minecraft:interact_with_crafting_table":1,"minecraft:swim_one_cm":9056,"minecraft:fly_one_cm":40482,"minecraft:open_chest":2,"minecraft:crouch_one_cm":85,"minecraft:play_time":9078,"minecraft:walk_under_water_one_cm":924,"minecraft:sneak_time":41,"minecraft:jump":222,"minecraft:leave_game":1,"minecraft:walk_on_water_one_cm":3238,"minecraft:time_since_death":9078,"minecraft:total_world_time":9078,"minecraft:fall_one_cm":7164}},"DataVersion":3120}