{
  "idas:idas_root": {
    "criteria": {
      "always": "2024-06-09 19:53:03 +0000"
    },
    "done": true
  },
  "farmersdelight:main/root": {
    "criteria": {
      "seeds": "2024-06-09 19:53:03 +0000"
    },
    "done": true
  },
  "betterdungeons:root": {
    "criteria": {
      "always": "2024-06-09 19:53:03 +0000"
    },
    "done": true
  },
  "toms_storage:unlock_chest": {
    "criteria": {
      "inv_changed-chest": "2024-06-09 19:53:03 +0000"
    },
    "done": true
  },
  "create:root": {
    "criteria": {
      "0": "2024-06-09 19:53:03 +0000"
    },
    "done": true
  },
  "betterdeserttemples:root": {
    "criteria": {
      "always": "2024-06-09 19:53:03 +0000"
    },
    "done": true
  },
  "toms_storage:unlock_netherite": {
    "criteria": {
      "inv_changed-netherite": "2024-06-09 19:53:03 +0000"
    },
    "done": true
  },
  "crabbersdelight:main/root": {
    "criteria": {
      "seeds": "2024-06-09 19:53:03 +0000"
    },
    "done": true
  },
  "create_dd:root": {
    "criteria": {
      "0": "2024-06-09 19:53:03 +0000"
    },
    "done": true
  },
  "cataclysm:root": {
    "criteria": {
      "custom_test_name": "2024-06-09 19:53:03 +0000"
    },
    "done": true
  },
  "takesapillage:root": {
    "criteria": {
      "always": "2024-06-09 19:53:03 +0000"
    },
    "done": true
  },
  "toms_storage:unlock_dia_pearl": {
    "criteria": {
      "inv_changed-ender_pearl": "2024-06-09 19:53:03 +0000",
      "inv_changed-diamond": "2024-06-09 19:53:03 +0000"
    },
    "done": true
  },
  "extradelight:start": {
    "criteria": {
      "start": "2024-06-09 19:53:03 +0000"
    },
    "done": true
  },
  "create_connected:root": {
    "criteria": {
      "0": "2024-06-09 19:53:03 +0000"
    },
    "done": true
  },
  "toms_storage:unlock_glowstone": {
    "criteria": {
      "inv_changed-glowstone": "2024-06-09 19:53:03 +0000"
    },
    "done": true
  },
  "regions_unexplored:parent": {
    "criteria": {
      "load_in_world": "2024-06-09 19:53:04 +0000"
    },
    "done": true
  },
  "minecraft:adventure/root": {
    "criteria": {
      "killed_by_something": "2024-06-09 19:54:25 +0000"
    },
    "done": true
  },
  "decoration_delight:decoration_101_advancement": {
    "criteria": {
      "decoration_101_advancement": "2024-06-09 19:53:03 +0000"
    },
    "done": true
  },
  "minecraft:adventure/adventuring_time": {
    "criteria": {
      "minecraft:windswept_savanna": "2024-06-09 19:53:04 +0000"
    },
    "done": false
  },
  "DataVersion": 3120
}